id_bat;nomen_miss;miss_area
5900;9;4508.0
5900;3;6358.0
79028;3;10.0
91364;14;27.0
27199;4;68.0
67318;5;128.0
5725;3;144.0
13468;1;17.0
11687;1;20.0
70422;1;22.0
83233;1;32.0
40756;3;224.0
53998;7;271.0
34950;3;1587.0
92852;1;130.0
63193;1;130.0
37856;4;160.68
60434;1;21.14
6472;1;27.26
95229;1;97.9
8519;1;190.56
21813;6;233.9
39275;3;279.0
1786;1;27.04
92535;1;33.64
94033;10;161.98000000000002
28743;1;71.47
36340;1;84.3
41316;3;390.89
78941;7;217.46
75228;7;120.22
30889;1;152.41
44608;7;150.0
49481;7;150.0
41337;7;192.68
17502;1;198.46
88590;6;917.1
47154;6;25.9
59271;1;33.32
20067;1;49.72
92134;1;147.14999999999998
97858;1;61.49
78376;1;275.75
83103;1;137.56
88474;2;740.72
26120;3;212.08
96888;1;453.35
65340;9;214.27
44627;5;2230.0
70587;5;458.0
42915;13;355.0
41269;7;17.41
83626;3;49.87
49458;1;413.16
35477;3;112.78
8547;1;118.6
49248;7;168.86
12546;3;871.4499999999999
74155;7;201.38
69282;3;639.5999999999999
70402;9;249.69
70661;7;540.36
98121;7;101.31
47742;3;1269.48
45725;7;351.43
45725;3;211.43
1026;7;47.00000000000006
1026;2;1340.0
32243;1;14.61
62605;1;57.4
78949;1;287.0
49420;1;248.82
17341;1;204.11
52042;7;301.5
52042;3;99.5
43374;3;1358.1
77469;1;120.68
45133;1;175.3
21363;1;109.77
2873;1;115.39
6004;7;197.98
17986;3;201.51
15774;5;308.59
29947;7;361.73
31421;2;1130.68
33254;1;53.26
70640;1;559.4200000000001
92568;1;184.41
24800;1;888.9
86802;3;2149.84
14793;9;631.45
14793;10;300.0
28838;1;184.18
48274;1;722.9199999999998
10731;1;121.29
7589;3;170.48
19465;3;2300.0
92204;7;84.58
34399;7;200.0
34399;3;100.0
47010;2;15.29
44724;2;24.17
91948;9;114.05
29916;1;364.68
71163;3;661.5
18157;1;193.15
3700;7;324.13
16157;5;225.0
83912;1;4.64
71812;1;11.17
2135;5;17.34
57907;1;20.37
81635;1;25.14
4110;1;30.33
47053;1;35.8
95861;1;36.36
82681;1;125.06
40021;5;166.9
48419;7;92.94
34868;1;283.44
28499;7;101.0
28590;3;122.16
27007;1;454.11
54842;7;152.72
54842;5;152.72
54842;3;100.0
75667;1;825.6399999999999
42443;5;97.0
58112;7;436.52
29383;3;297.99
78223;5;1299.08
52699;7;0.0
40452;9;524.28
1253;14;3.02
35992;14;14.69
39465;14;17.17
65527;14;23.78
48839;14;26.13
82014;6;29.82
34746;1;201.32
3046;3;83.13
7752;14;84.28
34023;14;84.64
53958;7;50.28
66086;1;42.74
22452;5;38.12
22452;3;76.24
87011;1;39.85
54018;1;89.4
56411;3;47.08
83487;5;69.48
95468;3;74.96
67054;1;85.49
79168;3;50.25
63173;1;138.46
34413;3;75.0
25468;3;259.34
40006;1;248.39
85194;1;120.08
57086;5;32.2
11447;1;78.82
31065;1;98.82
73444;3;48.83
58496;3;51.12
92275;3;332.28
9457;11;416.76
10734;1;482.28
93941;1;21.0
44409;1;22.0
49662;14;29.0
25120;14;53.0
78538;3;72.0
6750;4;40.0
84934;1;53.0
41354;3;300.0
11970;1;108.0
76274;3;310.0
43888;3;496.0
91620;4;312.0
84647;9;257.0
80247;14;9.0
22061;3;187.0
6131;4;248.0
28079;4;1900.0
67896;3;1160.0
75454;14;8.0
34554;4;108.0
80541;4;115.0
92542;4;244.0
23962;14;340.0
81216;3;1719.0
2726;1;33.68
86047;1;35.48
26062;5;158.21
73226;5;160.64
19134;1;1173.42
87543;13;1151.97
78880;3;82.0
73386;6;290.0
46580;6;295.0
99938;6;300.0
7886;3;513.0
7380;9;220.0
7380;3;1040.0
16096;1;47.0
66936;4;150.0
32617;14;5.0
38143;14;6.0
32187;14;7.0
75279;14;17.0
15826;14;23.0
84484;1;24.0
1768;1;28.0
24269;1;28.0
34666;1;47.0
54831;1;56.0
8094;1;362.0
26000;4;2050.0
86391;4;2264.0
42962;7;10231.0
88469;14;9.0
35059;14;10.0
56286;9;9101.41
78143;1;32.0
45052;1;34.0
33614;5;95.0
28926;1;151.0
16218;4;155.0
53717;1;179.0
61384;3;50.0
60514;1;142.0
60557;4;1196.24
88173;3;487.65
37126;5;1620.94
37126;3;1046.0
11467;1;22.0
33849;1;406.0
87802;14;9.0
36868;16;23.0
18103;13;42.0
38049;4;26.0
63485;13;44.0
12842;4;85.0
92838;16;156.0
98604;16;169.0
43324;16;259.0
6553;1;110.0
6553;3;260.0
12369;13;804.0
13478;16;416.0
7920;4;503.0
54187;4;1220.0
75745;1;6.96
78855;9;18.16
62879;1;31.62
67997;1;75.12
72613;1;39.96
61120;5;135.86
61120;3;271.72
30991;1;11.0
47992;4;46.0
47622;4;842.0
6494;1;104.52
24379;13;40.57
9141;1;1719.36
95099;9;8.08
42369;4;8.42
70002;14;2.0
31773;1;2.51
65567;1;2.99
13874;1;3.44
45578;16;4.0
94587;1;4.79
63730;1;4.84
43503;1;4.89
24919;1;4.92
42440;1;4.96
44432;1;4.96
52781;1;5.05
48972;1;10.41
11813;1;5.44
27921;1;5.74
67917;1;6.98
47236;1;7.37
93393;1;7.86
86351;1;7.88
34804;9;7.94
55772;1;8.55
69619;1;9.73
94759;1;10.6
35989;1;12.35
74209;1;11.0
45635;1;12.8
94107;1;13.01
86895;1;13.83
58695;3;16.0
87493;1;18.0
50689;1;28.0
40792;1;34.0
69128;1;82.0
7520;1;157.14
24377;11;67.0
63565;3;107.0
70383;1;127.08
91036;3;127.0
26685;1;129.26
71546;9;165.0
71546;1;145.0
25089;1;269.88
72201;1;274.77
65281;5;270.53
65281;16;200.0
59110;4;315.0
74477;4;1224.0
1152;16;1639.0
99537;3;508.0
36699;5;600.0
36699;3;600.0
91569;20;90.0
22968;1;7.15
25871;1;14.09
15361;1;49.35
96721;1;87.46
51238;1;262.38
8960;14;73.71
30103;1;412.52
86432;4;231.73
36219;16;21.95
8256;16;44.37
16779;3;13.0
46261;3;8374.0
23468;1;5.0
18092;1;7.0
37701;1;8.0
7965;1;9.0
44079;4;12.0
83510;1;11.0
26739;1;13.0
15284;1;14.0
42112;1;21.0
48590;1;100.0
8156;4;501.0
38330;3;880.0
56369;3;902.0
82509;14;3.0
19651;1;37.0
6548;5;783.0
18216;1;4.0
62517;14;19.0
2665;1;20.0
41623;1;27.0
99297;4;382.0
12207;4;1126.0
82682;3;800.0
65805;6;6636.0
51407;3;796.0
73732;3;7148.0
83134;3;48.0
7092;16;803.0
37644;1;6.0
94248;14;16.0
60603;4;26.0
38453;3;162.0
75556;14;65.0
44296;14;85.0
35383;5;91.0
41694;16;56.5
54358;9;159.59
28873;14;22.01
74860;3;2196.24
23927;3;3619.0
15463;3;1100.0
99105;1;6.0
9748;1;5.0
73531;1;5.0
85246;1;7.0
54126;1;580.0
60146;4;124.0
60146;3;270.0
16386;4;197.0
26086;1;27.2
51357;4;39.6
30524;1;148.41
40286;4;59.0
66486;1;358.04
8384;14;83.0
1174;4;105.64
13289;4;126.38
13289;3;126.38
23060;5;211.0
57169;4;765.94
52991;3;1478.0
22006;3;1699.44
32420;1;537.9
49321;1;618.49
88425;1;8124.220000000003
35763;20;2344.17
56876;1;1015.08
18733;4;800.0
96280;4;3326.0
96280;14;10.0
38661;1;13.0
76621;14;249.0
67252;3;277.76
63387;3;2734.0
81363;4;10.4
75196;6;2493.65
13555;9;33.64
77391;9;10.68
24240;3;15.0
33630;3;1022.48
9557;14;10.34
78472;1;27.0
25421;3;39.0
63680;3;108.0
89330;4;34.0
22695;13;66.96
6768;5;49.19
87346;1;11.01
57921;1;2.66
36710;1;6.05
40322;1;3.0
25955;1;3.99
70690;1;4.83
93328;14;19.0
54156;14;11.0
81980;14;10.0
33025;14;40.0
20729;4;54.0
2785;4;9.55
102;4;10.7
3554;14;6.0
23859;1;5.0
39320;1;6.0
8281;1;8.0
60930;14;9.0
87420;14;9.0
54713;14;8.0
23650;14;22.0
692;4;18.17
9417;3;26.95
88283;9;11.69
60498;3;74.04
31690;3;86.0
29280;3;83.0
66412;5;23.0
4904;14;2.0
84794;1;4.0
73817;1;3.0
25718;1;3.0
72398;1;4.0
53858;1;5.0
78983;1;4.0
46124;1;4.0
53635;1;4.0
51601;1;4.0
6931;1;4.0
92832;1;3.0
97918;1;3.0
18996;1;3.0
76909;1;4.0
7022;1;4.0
46911;1;4.0
35579;1;4.0
69593;1;4.0
37772;1;4.0
48338;1;4.0
33618;1;4.0
16268;1;4.0
39716;1;4.0
24900;1;4.0
94235;1;3.0
61406;1;4.0
69162;1;4.0
89087;4;11.0
39399;1;4.0
10367;1;4.0
52692;1;4.0
6329;1;12.0
10061;1;18.0
87572;14;3.0
29013;14;9.0
92698;1;15.0
70225;1;22.0
97038;1;8.0
45271;1;49.0
8070;3;798.0
62847;4;10.0
65237;1;5.0
73583;4;15.0
25380;1;65.0
32362;1;22.0
26457;4;36.0
79278;4;6756.0
82767;3;800.0
2548;6;36.0
86105;1;10.0
14246;1;8.0
44251;1;21.0
38293;1;9.0
31093;9;4000.0
58376;1;9.0
18894;1;41.0
85346;1;29.0
68539;6;69.0
64660;6;80.0
36913;6;104.0
11770;1;181.26
42790;1;353.62
96850;1;22.02
67278;9;60.0
67278;1;390.0
89942;3;184.97
96731;9;234.75
15239;7;63.66
60408;5;504.64
20100;1;38.96
95107;4;135.6
49739;5;82.38
37227;1;530.36
6983;5;39.93
57529;1;42.03
53203;5;94.34
75982;1;201.95
71386;9;689.93
48488;4;44.42
19910;1;89.38
71843;9;45.08
71843;1;45.08
97111;5;110.51
39310;1;430.55
92471;1;1128.84
22560;1;49.65
84321;1;49.77
10199;9;678.03
71161;5;52.92
23188;1;54.04
92844;5;236.01
87710;1;222.33
66989;5;3.76
81049;1;20.28
86673;1;7.82
58338;6;587.02
5304;3;406.72
44736;6;595.38
53107;3;62.19
43684;9;100.0
43684;1;130.22
12105;5;497.31000000000006
91123;3;51.95
18495;3;10000.0
69408;4;524.0
14192;1;44.0
6236;1;32.0
72052;1;160.0
49503;1;162.0
29380;9;1722.0
6231;1;176.0
29173;1;180.0
92446;1;26.0
36380;1;186.0
37755;1;198.0
79144;14;3.0
3491;1;694.22
11065;13;1017.3
46349;3;33.0
46169;1;35.76
50864;14;2292.0
50864;3;2253.0
41715;4;774.76
41035;4;442.0
42247;13;1146.0
93533;8;800.0
76538;4;309.44
90561;1;15.68
12493;16;39.15
47445;1;200.52
21499;4;158.13
75920;1;216.24
50278;5;78.11
61826;1;72.33
30635;7;72.46
26225;1;3.64
95651;1;5.57
53591;1;5.88
43181;1;6.84
6619;7;84.72
79110;1;8.89
64382;1;9.82
46978;9;215.0
63808;9;306.39
35911;9;462.53
2438;10;2985.44
60308;7;275.59
60308;10;275.59
31900;5;750.8199999999999
95165;16;815.02
20380;7;549.57
99347;9;452.0
98919;7;1019.03
33151;7;528.0
11895;9;981.94
81433;9;949.27
63478;3;17528.93
34039;1;516.01
84162;9;286.78
93024;16;10973.84
26104;9;989.0
9355;7;1300.0
12163;7;299.1
29799;3;1614.0200000000002
29728;7;162.45
77228;9;307.59
25625;7;150.0
97143;7;100.04
97143;1;1754.1999999999998
6565;3;483.88
79951;1;323.11
5492;13;1304.04
50764;3;834.86
78164;9;136.12
78164;3;100.0
28856;3;1326.04
7239;3;253.64
66651;10;250.0
89376;3;1160.92
86563;3;914.82
71181;7;300.97
91972;2;6302.38
44784;9;222.5
87320;9;232.0
898;2;422.87
79673;9;175.0
15923;9;439.61
21106;7;125.0
21106;16;275.0
21106;10;275.0
54777;3;194.0
43024;3;530.36
40668;7;541.0
23969;1;516.47
63537;9;189.58
63537;2;4330.0
98316;5;69.4
71189;1;173.98
24079;7;97.43
50788;10;687.56
4560;3;200.00000000000003
70184;1;115.5
39716;1;57.78
88695;1;175.62
86389;5;194.2
87468;7;87.2
99097;5;344.37
59934;10;557.7400000000001
12392;3;141.78
95679;1;153.91
94292;9;90.22
94292;1;776.0
39971;3;257.3
81160;10;2.06
15474;10;8.54
97876;14;59.44
32243;1;307.48
36556;1;333.4
72598;2;595.86
78345;1;397.48
96235;1;716.9
38305;3;591.88
59496;7;413.56
2430;1;61.54
95289;1;1543.4000000000003
86240;6;402.56
99281;6;409.37
79563;1;89.76
19448;3;118.75
51599;7;152.07
37583;3;671.05
49707;5;78.72
49707;1;236.16
5134;3;100.33
28687;3;90.11
64315;3;90.24
87125;1;204.36
87125;3;102.18
80544;1;119.91
98171;1;120.36
44675;9;225.94
21643;1;765.25
81598;1;473.76
46306;7;2221.16
44687;1;45.84
59666;3;605.52
45148;1;368.28
6684;2;181.72
80703;1;108.94
68478;3;100.14
84181;10;63.38
69507;9;91.64
66370;4;374.49
76482;1;229.7
94004;7;50.56
94004;13;35.0
9582;7;82.18
66723;3;83.23
55820;1;1817.05
96707;1;74.18
93442;1;67.56
42990;3;92.21
15084;6;827.1500000000001
80376;9;254.53
87197;5;38.97
50300;3;74.61
64806;1;206.28000000000003
69463;1;82.06
86665;1;82.17
85489;1;209.68
18170;7;105.61
16999;1;191.97
12379;1;42.7
11039;7;131.46
63994;1;88.02
99619;1;249.45
87530;5;186.36
52414;7;106.51
52414;3;213.02
43227;5;106.72
41637;5;106.9
59546;3;329.53
78649;2;737.12
35905;2;1033.14
91881;3;50.0
65433;3;175.92
28082;10;529.92
37470;2;1404.64
35747;1;92.4
34271;1;94.05
73777;3;94.2
63304;1;430.16
43298;16;108.18
24827;13;357.39
28887;1;526.04
46320;3;148.68
7462;1;168.42
49159;3;94.7
40908;3;189.54
83756;1;218.38
19811;1;185.65
74003;7;148.89
36028;1;603.71
80607;6;711.88
97327;3;376.12
7016;14;51.13
19169;1;51.51
4810;2;381.32
62492;1;70.0
40928;1;109.75
59666;3;269.46
92030;3;135.21
80151;1;194.85
26317;20;191.24
69024;1;96.32
39586;3;556.4
87016;8;580.39
73284;5;318.21
57538;1;2562.12
38735;4;810.68
64954;1;204.69
31318;1;85.35
33231;1;86.09
30761;1;169.95
35386;7;72.03
25245;1;317.64
30549;16;97.45
47808;1;2.7
93684;20;2115.06
77293;16;743.27
3397;1;4.03
80998;4;912.32
70285;4;980.55
91357;3;960.0
61592;4;1184.15
70591;13;2494.1
98564;5;66.72
54071;4;1400.0
54071;3;673.32
54333;4;1803.67
68381;1;6.73
21751;3;1292.82
99009;1;9.26
48819;16;8.61
56575;1;9.42
13891;1;16.61
43431;1;20.99
33699;4;77.56
38834;7;78.58
62874;3;81.26
77966;1;52.59
89565;1;18.0
53070;5;88.0
62720;1;458.0
48233;4;248.0
8982;5;499.0
8217;7;150.0
43690;5;569.0
62319;5;29.0
61802;1;29.0
59568;1;34.0
92669;5;745.0
35142;3;1062.0
61134;1;60.0
12887;1;200.0
76944;3;712.0
12784;4;1439.0
12784;3;572.0
22962;5;6165.0
367;4;1832.0
32985;1;124.0
23470;3;2159.0
38202;1;333.0
28202;1;134.0
51172;1;159.0
81093;1;207.0
11359;1;219.0
11770;1;73.0
64855;3;249.0
80564;1;297.0
11421;5;307.0
8271;1;323.0
75534;5;990.0
72550;1;416.0
6293;14;9.0
9116;4;3917.0
82465;1;4096.0
41210;4;3402.0
28171;9;3415.0
28171;3;4415.0
14695;9;182.0
43054;1;227.64
4098;1;230.09
46646;4;228.0
15255;4;323.24
90777;3;646.0
22460;4;360.0
28520;1;1631.54
52930;5;276.55
52930;3;312.0
60801;4;1123.0
44265;1;996.58
57518;4;564.0
56079;1;1170.92
3696;4;643.0
78167;4;730.0
58622;3;6146.0
64318;1;3415.2300000000005
40343;4;10840.0
62942;4;29.0
18470;3;14500.0
70181;4;3716.0
84133;5;700.0
16214;16;2127.0
16214;3;4254.0
67250;4;2327.0
67250;3;300.0
92081;4;2281.0
92081;13;400.0
77925;3;219.0
59985;3;424.55
34719;1;134.13
89426;1;59.23
6758;1;150.0
32728;9;151.0
24622;1;59.93
42451;9;154.0
61723;1;61.59
86802;1;61.89
7531;1;159.22
26035;1;15.36
50311;1;80.0
77912;4;187.0
81993;1;104.67
77801;3;202.5
73185;1;121.62
21156;1;71.69
76316;5;10.44
76316;1;20.88
61119;4;12.06
4297;4;43.0
75042;10;1232.08
7797;4;320.0
91152;9;274.0
91152;1;360.0
25726;14;421.0
65443;3;1293.0
8232;4;438.86
8232;3;200.0
68093;1;232.0
30441;1;228.83
7175;13;563.45
74762;5;92.41
10566;5;76.98
10566;1;230.94
69526;3;400.68
46998;1;201.08
31451;13;744.89
21792;3;1514.7
74935;14;18.0
2473;13;781.9
77682;13;1646.28
80152;4;923.85
29344;13;1169.17
82379;13;1175.93
38139;4;1333.05
90235;5;1661.0
15328;4;134.09
65765;13;99.83
24308;9;39.0
99124;1;287.63
83397;3;5072.0
12517;3;840.0
45132;5;70.0
43508;3;700.0
21672;1;1.0
58063;1;5.0
28179;14;8.0
76581;1;9.0
45845;5;10.0
39952;1;13.0
24180;1;13.0
4539;1;24.0
14215;1;23.0
35045;3;54.0
96441;1;29.0
23955;1;31.0
5377;1;183.0
17031;3;78.0
5323;1;158.0
72608;5;90.0
17836;1;210.0
40467;3;105.0
26242;4;109.0
16689;4;522.0
83042;3;232.0
63075;3;122.0
66132;3;240.0
65737;4;147.0
11953;1;149.0
63151;4;158.0
7837;5;159.0
91573;1;390.0
86513;4;279.0
37995;4;321.0
77879;5;351.0
23059;5;452.0
17927;4;484.0
85819;4;654.0
19664;1;576.0
84051;1;115.0
30736;3;2840.0
52119;4;1427.0
52119;3;265.0
81333;3;400.0
41601;3;633.0
52891;16;3592.0
52891;3;940.0
85826;3;262.0
3579;3;632.0
5810;3;884.0
97031;14;4.0
61275;1;18.0
66556;1;39.0
76923;1;39.0
82005;4;83.0
48412;1;48.0
93294;4;84.0
24853;1;52.0
77224;4;110.0
90073;1;56.0
32746;4;378.0
61051;1;41.0
89063;1;9.0
48881;5;314.0
48881;3;314.0
37271;1;10.0
76968;5;441.0
84506;5;642.0
12984;4;644.0
97018;3;460.0
75645;4;637.0
27213;14;11.0
79019;1;26.0
58907;4;228.0
34248;4;832.0
34248;3;70.0
257;4;505.0
1748;3;1000.0
48920;3;660.0
56187;5;4430.0
84893;4;14.0
32118;1;31.0
3429;3;2900.0
75231;1;30.0
7631;1;177.0
85018;1;201.0
15532;1;213.0
50032;1;144.0
54845;1;228.0
98669;1;234.0
27237;1;159.0
48683;1;226.0
73308;5;122.0
20079;9;48.0
30366;1;193.0
25240;3;331.0
77463;4;848.0
77463;3;750.0
98956;1;4.0
49230;1;8.0
23063;1;11.0
55553;14;53.0
85626;4;1929.0
71465;3;246.0
76106;14;80.0
93770;3;218.36
85113;3;260.76
61659;1;291.11
61659;3;406.11
48683;1;216.1
12826;1;207.51
39516;3;142.43
19161;3;143.6
35464;3;421.44
56842;3;212.97
34511;5;427.06
74106;4;46.9
69531;1;161.35000000000002
2633;3;145.08
50616;3;371.94
49802;9;240.44
64038;2;1428.0
38053;4;135.0
38053;7;100.0
61468;5;47.37
61468;1;94.74
83407;3;66.44
11575;1;91.33
99174;3;576.55
64050;6;77.0
64050;3;294.18
27269;5;102.67
846;3;150.99
10609;3;80.94
40439;5;812.47
32035;3;190.23
57589;1;154.62
77905;1;338.6
77905;3;232.4
87369;9;71.44999999999999
89603;1;386.74
11935;5;448.82
42847;9;793.21
17211;1;103.34
87996;5;73.94
56318;1;167.0
34372;3;1869.16
45728;9;176.96
45728;3;283.84
93897;5;242.17
77733;3;2049.76
47358;4;94.42
77054;5;157.04
77054;1;345.12
77054;3;130.04
74272;1;462.71
91086;3;236.59
19809;4;293.25
11456;1;54.48
60826;1;645.2
80165;3;259.46
99239;3;263.0
1510;3;198.48
86584;3;690.62
673;5;193.36
13487;3;370.74
37186;4;164.76
18244;1;165.45
36103;2;165.88
37607;9;86.02
77954;5;2713.39
30416;3;2997.7200000000003
65310;3;5218.0
46765;5;58.83
39649;1;318.68
62810;7;234.54
78814;9;200.0
69657;3;152.66
98465;4;100.41
98465;3;100.41
21722;3;143.1
37994;20;634.6
32657;5;429.96
98855;1;11553.54
72074;3;257.68
25244;1;519.28
6506;3;264.4
32069;5;28.36
33992;1;166.18
68953;5;83.47
11000;3;528.12
58377;5;264.24
43364;13;132.28
97588;3;1313.32
86586;1;376.02
91960;1;1041.1
8751;5;1174.92
32224;3;14482.05
73790;5;37.08
57336;1;318.06
87333;3;106.25
90452;3;135.13
27431;3;135.37
5684;1;679.05
82000;3;20.0
71410;9;192.87
3678;13;12119.43
68724;1;521.85
60712;1;193.93
82332;3;704.25
64447;7;199.2
85353;3;494.98
64056;3;239.85
88600;1;395.46
72008;14;10.0
56655;5;400.0
56655;16;305.0
56655;3;305.0
53591;5;665.0
53591;3;573.0
7855;3;3456.0
50830;5;883.0
50830;16;190.0
50830;3;190.0
6643;9;135.0
92555;9;234.0
92555;3;702.0
50167;4;780.0
70779;3;40.0
88327;4;288.0
88327;1;144.0
89321;3;1920.0
72584;6;450.0
5429;4;944.0
41367;1;330.0
70298;1;428.0
4020;1;18.0
46142;5;65.0
545;1;11.0
12514;3;68.0
32913;1;225.0
32825;14;9.0
38712;14;9.0
76597;14;9.0
27559;14;6.0
26158;4;153.0
93384;1;10.0
68990;3;2340.0
87244;3;1984.0
96351;4;1020.0
96351;3;366.0
5205;9;1159.0
8350;1;12.0
34034;5;4576.0
16092;4;3780.0
2320;4;500.0
76056;4;83.0
30273;4;175.0
5448;14;6912.0
22997;14;4809.0
42438;3;16.0
348;3;744.0
73821;5;186.0
29666;3;27.0
63938;1;31.0
29118;1;33.0
85839;4;138.0
30333;9;219.0
63178;1;362.0
69943;4;35.0
39999;4;236.64
34747;4;253.0
9945;1;90.0
9574;9;1441.0
9574;3;1441.0
17229;9;267.0
57085;4;257.0
2594;3;560.0
88142;3;282.0
64204;9;95.0
91753;4;308.0
52552;9;340.0
52552;3;476.0
79493;7;158.0
5485;4;256.0
90108;4;57.0
55991;4;392.0
55991;3;345.0
37492;5;340.0
44582;9;440.0
57078;11;1185.96
26969;1;765.23
70828;1;28.13
72229;4;816.03
63988;4;695.08
63988;3;150.0
30437;9;649.81
88951;4;843.29
88951;3;170.0
20299;1;154.76
31349;1;77.95
62896;3;6433.62
64002;9;226.45
79918;1;20.15
20206;6;580.56
77214;16;611.2
11237;6;316.45
52895;1;116.42
51435;5;353.79
75212;4;1863.0
92190;3;1995.0
59320;1;12.0
44250;4;57.0
65151;3;545.0
52830;3;519.0
35627;4;15896.0
98362;9;19000.0
14576;6;322.0
28797;3;430.0
59239;4;499.99
48889;3;1405.87
29564;4;521.13
29564;3;120.0
35898;1;192.23
66449;3;12614.8
62960;13;3774.87
95815;13;4511.54
19414;14;1206.27
91479;4;67.64
88840;9;349.26
86396;13;300.0
86396;5;300.0
70727;3;213.11
93108;4;244.23
53721;4;111.34
92412;11;322.0
40897;4;12.97
78719;4;13.45
78719;3;13.45
57136;4;18.35
85635;4;18.61
13198;4;23.43
9615;4;14.58
1703;4;40.7
30156;4;470.0
30156;1;580.0
34776;5;471.0
34776;3;471.0
44171;4;226.0
44171;1;380.0
38203;9;148.0
54856;9;294.0
75464;3;1088.0
11678;9;274.0
97396;1;7.0
37400;4;88.0
42953;9;273.0
42953;1;812.0
87577;1;8.0
87910;1;9.0
13646;3;1650.0
50000;4;14.0
1162;9;1694.0
1162;3;1385.0
31606;1;7.0
87824;1;21.0
60617;16;2342.0
64045;3;1730.0
3047;9;31.0
44860;9;32.0
44860;3;179.0
97610;9;214.0
81760;14;3118.0
81760;3;1643.0
96692;8;1746.0
4138;4;40.0
73998;9;100.0
35757;4;9784.0
35757;5;1050.0
61874;3;2076.0
74425;9;55.0
74820;4;252.0
74820;3;504.0
13052;9;120.0
69373;5;122.0
61425;9;127.0
32626;3;1232.0
73749;3;474.51
37891;9;196.2
26503;4;542.56
16465;9;317.65
32761;9;130.86
31359;4;753.88
31359;3;884.0
20382;14;908.68
16301;14;1325.32
16301;3;250.0
96868;3;28342.86
46427;9;112.87
97628;11;6512.08
80181;3;16635.6
75353;1;396.12
90730;5;155.24
74585;3;250.1
61052;3;80.0
95293;5;306.37
86223;5;184.06
49668;3;374.6
71595;5;422.45
81265;4;111.48
76475;3;99.18
24310;5;44.21
41269;3;99.06
69405;1;80.52000000000001
47210;1;204.3
33060;1;339.36
92669;1;84.87
77713;1;386.8
74937;5;48.77
30081;1;98.08
41916;1;483.28
37423;1;71.4
49931;1;54.77
16195;1;215.6
55455;1;11.66
16759;4;108.4
11110;4;57.2
61893;1;58.32
28434;1;372.52
58612;1;372.84
59457;1;231.12
38447;4;114.07
3253;14;77.79
69740;4;31.11
6645;1;31.17
55315;1;379.36
35437;1;34.25
25015;1;68.6
213;1;69.5
69272;1;34.92
14925;5;65.3
14925;1;130.6
68843;1;38.82
78618;1;37.0
79012;9;50.0
8347;1;393.0
17758;4;367.0
46184;5;746.0
75496;4;593.0
18432;3;750.0
76137;7;100.0
76137;3;352.0
67743;4;406.0
22256;5;1830.0
24923;4;281.0
24923;1;136.0
72136;3;862.0
10785;16;7184.0
15919;3;900.0
9035;8;350.0
65865;5;4434.0
48098;5;1784.0
32001;5;50.0
44121;5;2246.0
19386;9;1500.0
19386;3;3680.0
9901;1;204.0
65018;1;95.0
62072;9;147.0
78528;9;209.0
1204;9;306.0
17013;5;554.0
17013;3;200.0
28581;9;97.0
93121;13;217.0
59146;4;294.8
39468;1;1399.95
20533;9;7539.8
16984;1;697.77
20286;9;119.82
47140;9;119.9
90920;3;97.14
99803;3;897.4
30892;1;1701.45
8102;3;2828.4
32019;13;40506.46
32497;4;59.0
32497;13;20.0
73546;6;479.0
7055;6;393.0
88879;1;60.0
71623;4;4.0
51430;1;10.0
64725;14;820.0
85585;3;3045.0
14376;5;300.0
14376;3;2668.0
7224;1;100.0
55775;1;206.0
95779;1;192.0
44797;5;82.0
33888;16;7.0
56002;16;14.0
33483;4;22.0
40797;4;128.0
6802;4;19.0
59174;4;23.0
17764;16;23.0
9709;16;153.0
65859;1;152.0
94279;16;365.0
57418;5;235.11
38279;5;200.31
39541;4;21.01
80598;3;263.13
26955;9;271.23
24456;5;267.43
98392;1;31.26
5317;14;32.55
94472;4;822.04
44065;6;1947.66
44065;3;1355.66
60767;3;262.0
8116;5;1923.18
28444;9;7209.42
34073;5;1707.02
81202;4;1566.85
81202;3;1334.0
13821;9;15894.08
9526;14;8.53
54401;3;76.0
96048;4;31.0
15022;1;33.0
92649;5;2030.0
4689;3;1216.0
84545;3;314.0
41031;7;160.0
64044;4;5650.0
22231;16;1000.0
92685;4;12.0
66375;4;25.0
75707;5;29.33
85298;14;63.0
44235;14;47.0
31770;14;6.0
35036;7;353.93
84636;3;303.56
64373;1;78.57
55566;20;649.32
29175;7;27.18
82625;1;527.3
31275;9;106.31
19586;7;151.94
38615;3;445.42
80515;1;18.21
72233;5;162.68
47516;1;530.08
2928;7;161.74
72169;5;250.0
91833;7;374.14
52095;9;160.0
87098;9;194.99
49920;1;22.88
40824;1;109.43
46626;5;320.34000000000003
74936;1;164.93
12587;1;210.16
35754;6;69.64
9412;9;407.95
50980;4;200.0
50980;1;1130.0
44538;1;27.72
22919;5;32.49
12330;1;111.49
29525;1;501.98
7614;3;171.73
93464;5;442.14
41806;5;574.56
56729;1;80.39
76147;5;86.63
27002;3;112.84
70745;7;113.15
25700;5;175.58
13342;1;81.68
96740;3;351.6
12206;3;507.96
33444;7;200.0
82530;3;225.82
38009;1;261.42
48449;1;114.88
77063;1;181.72
203;1;182.23
1045;3;183.95
37539;1;187.71
92311;3;560.48
79375;7;82.0
79375;3;82.0
64390;7;200.0
64390;3;364.78
48948;1;5705.6
17922;1;106.62
47645;1;54.08
82475;1;172.0
74498;1;110.8
77091;7;469.75
58101;3;118.3
32432;7;193.51
21134;7;195.27
644;3;921.32
8411;9;195.48
23771;5;726.3
89993;9;318.09
76489;9;245.39
30114;9;520.86
49457;7;777.96
82555;9;163.0
89927;3;800.0
32642;9;743.33
4593;9;355.5
87080;1;59.42
15454;1;272.82
78506;2;366.48
69471;3;155.36
13007;1;200.91
44995;5;201.6
62951;3;203.03
39651;1;203.86
76420;3;203.92
37732;1;510.5
33172;1;805.64
40493;9;466.21
97194;9;231.24
87335;3;486.35
31482;4;1962.82
9135;9;500.06
41622;1;125.9
66176;1;253.56
2297;2;770.42
64835;1;370.58
43358;7;207.45
29340;1;207.71
95794;3;213.67
48352;9;621.0
71420;5;76.0
93534;3;274.0
75604;10;900.0
36701;1;128.38
77805;1;229.7
52896;9;722.21
49797;9;427.05
41757;3;473.36
46576;3;170.12
98012;1;70.12
73723;1;195.38
5358;1;98.1
39384;7;219.78
39384;9;250.0
14423;3;100.92
71709;16;253.09
71709;1;1701.63
31688;3;254.9
31215;7;71.96
51041;9;72.61
37336;3;99.73
2047;7;99.9
67157;7;263.9
78835;1;1044.52
86417;7;125.52
86417;9;131.52
86417;16;257.52
28573;1;214.38
77034;7;271.76
11899;1;225.6
48734;1;150.76
13053;1;151.03
21495;1;279.32
12405;1;270.9
72521;5;142.31
70025;9;276.38
14680;7;148.13
14680;3;60.0
31430;9;289.11
56868;7;289.76
41279;1;1211.5
32823;5;197.11
8155;7;293.4
79007;1;77.0
25280;1;154.92
18782;1;102.29
14442;6;308.25
56168;3;400.52
73719;1;432.15
54102;3;251.1
69310;1;294.32
10181;9;296.46
88477;1;601.36
77065;3;282.0
55554;9;127.0
57390;3;285.0
8053;4;249.0
78218;1;294.0
61635;8;370.0
68716;1;108.0
39177;3;706.0
60396;3;75.0
31719;20;12580.0
34758;1;1128.0
70128;20;66921.0
70106;3;15.0
55647;3;83.0
54600;5;29.0
69248;5;113.0
61823;1;160.0
31075;3;666.0
82470;3;783.0
84406;1;118.0
96970;1;177.0
54203;1;285.0
47521;3;77.0
77284;3;1308.0
56633;5;696.0
48817;3;64.0
59746;1;82.0
78527;20;2690.0
55081;4;3638.0
55081;3;524.0
87346;3;960.0
81654;1;4.0
47114;3;561.0
56777;1;137.13
92143;1;165.52
67581;3;70.0
54448;1;49.7
76449;1;221.02
34349;1;14.77
52843;3;66.6
89495;1;532.4399999999999
65305;1;25.14
88981;3;161.31
68763;3;420.76
91619;1;28.15
81438;3;54.71
37595;5;99.69
77306;1;31.84
70713;2;178.7
98555;1;69.84
89463;5;251.67
53071;3;60.04
69583;7;84.42
79584;7;127.07
69735;1;511.96
91155;3;144.92
34199;1;241.74
74697;3;129.58
10500;1;81.67
63336;1;423.92
445;3;265.6
85235;1;45.21
80900;1;94.67
95927;1;47.15
39741;6;509.38
81321;9;282.29
92510;3;327.36
20063;9;359.46
73040;3;50.0
49891;9;401.0
78950;7;400.0
78950;1;1808.56
8118;9;600.0
8118;5;213.0
55502;9;201.82
10298;9;103.0
61305;14;10.0
31057;1;12.0
9033;1;25.0
37703;4;6.17
56485;4;165.0
29431;1;7.0
82106;1;8.0
43014;1;8.0
60563;4;15.0
34014;4;89.0
30777;4;13.0
39391;1;2.0
3099;3;76.0
6967;1;4.0
17809;14;7.41
82424;4;104.0
77768;4;21.0
64525;9;6.0
30122;5;387.26
69870;14;114.62
35036;5;25.95
70267;1;1.05
56936;1;673.0800000000002
84403;4;54.0
84403;9;54.0
5349;4;40.0
78462;4;137.49
64060;1;228.4
90988;14;6.0
71594;1;6.0
98887;1;8.0
1502;1;13.81
46730;1;47.68
12431;1;29.2
38839;1;9.44
49873;1;6.82
96932;1;14.42
30013;4;29.92
5409;1;4.63
79108;16;4.85
83691;1;3.97
89969;16;7.03
47542;1;5.69
92078;16;61.21
85590;1;9.68
30909;14;8.0
69522;1;6.0
30198;4;63.0
90237;1;3.51
25745;1;9.0
17619;4;7.19
63600;4;8.5
24071;3;26.0
5476;3;360.0
33192;1;25.0
10185;1;32.0
78066;1;69.0
72528;1;83.29
43925;1;19.0
75220;1;10.0
5806;1;6.61
64476;1;161.14
64059;3;16.92
73051;9;509.6099999999999
50593;1;95.76
88449;3;127.95
32467;1;312.65
60199;6;30.73
44241;3;2.92
28306;3;182.85
82916;1;164.9
60485;1;223.36
18066;1;610.0899999999999
58513;1;443.88
8295;1;1267.59
55933;1;333.48
39812;3;830.0
26650;9;292.0
47302;1;4.0
89507;4;14.0
23991;1;634.68
75947;3;2032.32
4668;14;36.0
78859;4;5.0
82632;1;25.66
31687;1;1085.8200000000002
57420;5;83.63
65468;1;216.02
41064;9;876.48
34307;1;6.0
609;1;7.0
10039;1;4.0
13470;9;37.0
66212;4;24.0
10918;1;7.0
51071;14;14.0
34899;14;15.0
39528;9;14.0
60650;5;97.0
95935;4;9.0
37713;4;11.0
24526;5;561.89
94890;14;66.0
82584;14;8.0
26365;14;9.0
16696;14;2.0
20440;14;11.0
75147;14;8.0
73468;14;10.0
18952;14;6.0
56146;14;8.0
84474;14;3.0
52491;14;6.0
66738;14;6.0
84698;14;5.0
35912;3;67402.18
26916;3;10985.5
84551;1;1818.84
77982;3;702.97
89496;14;4.95
81320;5;111.21
77290;1;38.0
32605;3;28529.88
44248;6;957.5
642;7;150.0
642;16;300.0
50454;4;26.0
71186;4;29.0
56857;1;16.0
12746;16;56.8
68415;1;1.52
75249;7;7757.36
20916;11;919.71
55426;4;459.0
55426;3;1030.0
60179;14;13.8
8385;14;11.92
25282;3;460.0
56263;14;66.0
48431;14;19.0
2344;14;144.0
12960;9;8976.0
12960;5;4592.0
12960;3;1400.0
47688;1;36.28
83445;3;942.0
57913;5;2530.0
75833;7;5998.0
82763;3;4092.0
22169;3;300.0
63641;1;319.9
1988;1;8.0
65948;1;3.0
35242;14;55.0
97210;14;27.0
5436;13;447.0
5436;3;1788.0
71131;5;679.0
54535;1;4.0
92912;1;7.0
27608;7;69.0
33611;9;14.0
90962;1;4.0
96130;1;9.0
42582;1;1.0
43196;9;5834.0
39105;1;5.0
6932;1;4.0
2846;16;7.0
56565;1;52.82
3406;1;1.83
47350;5;93.19
88275;4;8.67
76366;4;9.08
6395;11;97.87
84859;1;4.68
53368;14;15.0
10847;14;28.0
27973;4;54.0
21014;1;30.0
30090;1;14.0
84226;1;52.0
17657;1;37.0
73582;1;34.0
25825;3;5511.719999999999
93930;1;3.6
40384;1;27.13
14992;1;3.86
1460;5;515.0
90056;1;7.0
92200;1;20.0
42916;1;8.0
25348;1;127.84
5296;1;43.11
46057;14;10.0
53452;1;7.77
5613;4;8.12
75554;4;98.0
53986;4;55.0
35752;14;5.0
9294;14;6.0
48889;1;32.64
88533;7;13.33
81090;1;351.51
75386;1;160.12
11133;9;322.32
23282;1;685.08
42034;13;755.1800000000001
53119;9;257.52
87780;1;453.36
70360;1;7.0
53205;4;7.0
30404;9;30.46
78396;1;14.0
47993;9;11.0
42164;9;10.0
3730;1;11.0
32004;1;96.0
87433;16;52.0
58426;16;142.85
30221;7;472.0
30221;1;236.0
57864;1;39.53
88764;1;285.03
93709;1;1280.44
74958;4;100.43
96931;11;2032.57
26424;11;1213.18
91771;1;15.77
86951;5;23.0
28380;6;198.0
5450;14;135.0
14300;9;875.0
70098;9;40.0
83821;5;266.0
91325;3;940.0
30602;6;190.0
42471;6;8305.0
20942;1;1311.9
14248;7;580.0
14248;5;300.0
82562;5;753.15
7982;13;890.0
49951;13;204.0
93193;7;1000.0
93193;9;1833.0
37898;1;269.97
576;16;422.34
60060;4;18.0
26418;1;9.19
71583;1;12.38
40113;1;8.37
46095;1;9.07
96154;1;9.68
74295;1;2.73
61714;5;592.0
23935;14;2964.0
14025;1;160.61
15976;4;14.0
34221;1;285.0
15636;3;258.2
52898;5;773.0
52898;3;347.41
14511;5;1400.0
7780;5;851.21
8786;3;43853.4
49394;14;39.0
91896;4;14.0
51640;3;600.0
51753;13;1000.0
51753;3;5845.699999999998
44345;4;132.0
23339;1;38.0
47920;4;862.0
81978;16;30.59
49896;9;341.67999999999995
20721;1;36.0
47805;3;9000.0
22963;3;164.0
12709;14;26.0
45265;7;300.0
45265;3;300.0
10976;3;458.0
52973;3;530.0
2470;3;392.0
43085;1;11.0
97952;9;564.0
54044;1;819.4
27848;1;64.67
23767;7;700.0
78201;4;1721.9
50289;4;2972.47
37760;4;2657.06
63487;7;549.5
99853;9;366.02
97630;3;53717.19
12233;14;11.23
48361;4;46.0
18793;14;18.0
88283;3;103.0
60350;1;17.0
34027;1;12.0
8425;1;12.0
45501;5;90.0
24016;3;1674.0
78339;4;4558.0
49377;13;190.0
74559;4;394.0
95473;9;424.0
13783;7;700.0
13783;9;850.0
13783;3;300.0
99855;1;28.0
28884;3;1984.0
45350;1;26.0
49687;14;36.0
77706;1;26.0
16611;4;3867.0
16611;5;4000.0
53754;1;119.34
27983;1;5.87
50378;4;906.77
87566;4;374.0
41843;4;673.0
41843;3;260.0
49463;5;79.95
34052;4;1104.0
30215;1;19.55
39068;1;21.48
16887;1;17.69
23079;1;19.53
1787;5;38.35
10331;3;114.0
73776;1;56.4
45294;1;16.89
99390;1;19.23
61954;1;16.17
50729;5;18.49
42137;7;200.0
4573;4;845.22
26870;5;131.63
27069;4;887.1
9198;3;1000.0
39250;3;644.0
61447;9;318.0
15465;1;480.92
261;1;175.44
61892;4;31.79
93078;9;94.93
19510;5;9232.0
19510;3;1937.81
12379;1;34.59
52657;1;206.78
90541;1;147.2
53970;1;232.66
69460;3;70.1
98886;1;65.32
5713;1;10710.7
83283;3;154291.24
60106;3;24.65
78211;1;4.0
3729;9;98.0
83954;1;726.0
72709;1;184.0
88881;5;270.0
69229;4;226.0
35004;9;103.07
22405;5;1087.0
22405;3;1113.17
44958;16;363.0
44958;8;1542.0
33891;4;824.8699999999999
25908;4;1100.0
72251;7;845.02
72251;5;245.02
78373;3;178.61
96104;4;547.52
33797;9;76.1
66810;4;134.42
74233;4;44.89
60787;3;214.0
19570;4;1846.98
75967;4;313.0
75967;3;987.96
2191;4;270.0
2191;3;549.5899999999999
49056;4;545.0
17663;1;8.0
70327;13;380.0
62411;14;8.0
96547;1;4428.0
86785;14;28.0
64240;14;26.0
84553;14;23.0
67612;3;1057.0
60568;6;3945.0
54051;1;1230.0
14575;1;978.0
19573;6;5852.0
80748;1;1058.0
72973;1;1468.0
11154;3;9560.0
39850;14;8.06
13873;1;9.0
87595;7;9566.4
40274;1;6893.119999999999
73085;1;6424.0
95161;4;138.66
83756;1;2.0
28498;6;5.26
13455;1;13.0
67441;3;118.0
85500;6;6691.66
88979;3;23.0
33275;7;350.0
33275;9;200.0
33275;1;3450.0
53705;1;4208.0
87292;1;2562.0
5237;4;1700.0
2000;4;3381.0
2000;3;2077.0
96005;4;3171.0
96005;5;200.0
96005;3;700.0
13951;1;7455.760000000002
91449;1;2569.0
36465;6;2090.0
37633;1;688.0
89961;5;739.22
63088;1;12.0
20575;5;1528.0
20575;3;1965.0
